Year,Month,Week_Number_In_Month,Date,Running_Work_Days,Product,ValueFOB,Volume,WorkingDaysDelta,ValueFOB_Daily,Volume_Daily
2020,4,1,4/3/20,3,Wheat,21304.675,105212.68,3,7101.558333,35070.89333
2020,4,1,4/3/20,3,Fertilizers,68791.561,306349.881,3,22930.52033,102116.627
2020,4,1,4/3/20,3,Crop_Chemicals,18015.155,1420.186,3,6005.051667,473.3953333
2020,4,2,4/10/20,7,Wheat,29868.356,146952.093,4,7467.089,36738.02325
2020,4,2,4/10/20,7,Fertilizers,82028.389,327137.144,4,20507.09725,81784.286
2020,4,2,4/10/20,7,Crop_Chemicals,38117.92,2887.39,4,9529.48,721.8475
2020,4,3,4/17/20,12,Wheat,45719.462,209121.951,5,9143.8924,41824.3902
2020,4,3,4/17/20,12,Fertilizers,132946.106,591425.525,5,26589.2212,118285.105
2020,4,3,4/17/20,12,Crop_Chemicals,53953.498,5506.15,5,10790.6996,1101.23
2020,4,4,4/24/20,16,Wheat,19739.262,85361.96,4,4934.8155,21340.49
2020,4,4,4/24/20,16,Fertilizers,120612.182,493938.282,4,30153.0455,123484.5705
2020,4,4,4/24/20,16,Crop_Chemicals,27162.564,3105.995,4,6790.641,776.49875
2020,4,5,4/30/20,20,Wheat,43897.355,201578.209,4,10974.33875,50394.55225
2020,4,5,4/30/20,20,Fertilizers,172692.769,725766.878,4,43173.19225,181441.7195
2020,4,5,4/30/20,20,Crop_Chemicals,33231.594,2904.119,4,8307.8985,726.02975
2020,5,1,5/8/20,5,Wheat,21584.328,96810.295,5,4316.8656,19362.059
2020,5,1,5/8/20,5,Fertilizers,179397.915,743081.242,5,35879.583,148616.2484
2020,5,1,5/8/20,5,Crop_Chemicals,49114.119,5140.877,5,9822.8238,1028.1754
2020,5,2,5/15/20,10,Wheat,24110.855,108199.82,5,4822.171,21639.964
2020,5,2,5/15/20,10,Fertilizers,231101.923,977240.753,5,46220.3846,195448.1506
2020,5,2,5/15/20,10,Crop_Chemicals,64469.826,6001.326,5,12893.9652,1200.2652
2020,5,3,5/22/20,15,Wheat,21167.187,96470.423,5,4233.4374,19294.0846
2020,5,3,5/22/20,15,Fertilizers,174883.036,743211.503,5,34976.6072,148642.3006
2020,5,3,5/22/20,15,Crop_Chemicals,51340.968,6368.918,5,10268.1936,1273.7836
2020,5,4,5/29/20,20,Wheat,37335.399,165366.151,5,7467.0798,33073.2302
2020,5,4,5/29/20,20,Fertilizers,103873.591,423491.959,5,20774.7182,84698.3918
2020,5,4,5/29/20,20,Crop_Chemicals,88170.182,7054.632,5,17634.0364,1410.9264
2020,6,1,6/5/20,5,Wheat,15900.75,69249.803,5,3180.15,13849.9606
2020,6,1,6/5/20,5,Fertilizers,151529.087,612391.94,5,30305.8174,122478.388
2020,6,1,6/5/20,5,Crop_Chemicals,85722.195,8685.059,5,17144.439,1737.0118
2020,6,2,6/12/20,9,Wheat,17288.831,75696.175,4,4322.20775,18924.04375
2020,6,2,6/12/20,9,Fertilizers,111466.688,493502.672,4,27866.672,123375.668
2020,6,2,6/12/20,9,Crop_Chemicals,76208.006,5984.567,4,19052.0015,1496.14175
2020,6,3,6/19/20,14,Wheat,41309.913,178499.898,5,8261.9826,35699.9796
2020,6,3,6/19/20,14,Fertilizers,193930.742,854695.206,5,38786.1484,170939.0412
2020,6,3,6/19/20,14,Crop_Chemicals,107534.917,8897.681,5,21506.9834,1779.5362
2020,6,5,6/30/20,21,Wheat,25372.455,110695.38,7,3624.636429,15813.62571
2020,6,5,6/30/20,21,Fertilizers,200816.305,821540.608,7,28688.04357,117362.944
2020,6,5,6/30/20,21,Crop_Chemicals,108605.085,11207.074,7,15515.01214,1601.010571
2020,7,1,7/3/20,3,Wheat,17430.187,76088.39,3,5810.062333,25362.79667
2020,7,1,7/3/20,3,Fertilizers,166450.795,727736.98,3,55483.59833,242578.9933
2020,7,1,7/3/20,3,Crop_Chemicals,51512.227,4758.962,3,17170.74233,1586.320667
2020,7,2,7/10/20,8,Wheat,20665.327,88147.135,5,4133.0654,17629.427
2020,7,2,7/10/20,8,Fertilizers,147516.796,622157.407,5,29503.3592,124431.4814
2020,7,2,7/10/20,8,Crop_Chemicals,81144.625,9107.294,5,16228.925,1821.4588
2020,7,3,7/17/20,13,Wheat,22551.426,106650.242,5,4510.2852,21330.0484
2020,7,3,7/17/20,13,Fertilizers,118990.847,507966.756,5,23798.1694,101593.3512
2020,7,3,7/17/20,13,Crop_Chemicals,99078.34,9649.124,5,19815.668,1929.8248
2020,7,4,7/24/20,18,Wheat,45148.242,200028.934,5,9029.6484,40005.7868
2020,7,4,7/24/20,18,Fertilizers,172724.692,790245.776,5,34544.9384,158049.1552
2020,7,4,7/24/20,18,Crop_Chemicals,139060.496,14157.207,5,27812.0992,2831.4414
2020,7,5,7/31/20,23,Wheat,8389.35,38222.042,5,1677.87,7644.4084
2020,7,5,7/31/20,23,Fertilizers,205699.555,839857.084,5,41139.911,167971.4168
2020,7,5,7/31/20,23,Crop_Chemicals,76060.264,7743.735,5,15212.0528,1548.747
2020,8,1,8/7/20,5,Wheat,24475.613,108266.589,5,4895.1226,21653.3178
2020,8,1,8/7/20,5,Fertilizers,150105.124,678561.021,5,30021.0248,135712.2042
2020,8,1,8/7/20,5,Crop_Chemicals,102646.156,10723.378,5,20529.2312,2144.6756
2020,8,2,8/14/20,10,Wheat,28994.943,125959.471,5,5798.9886,25191.8942
2020,8,2,8/14/20,10,Fertilizers,170800.046,776129.126,5,34160.0092,155225.8252
2020,8,2,8/14/20,10,Crop_Chemicals,98778.619,10009.788,5,19755.7238,2001.9576
2020,8,3,8/21/20,15,Wheat,47250.711,216636.1,5,9450.1422,43327.22
2020,8,3,8/21/20,15,Fertilizers,217116.831,966421.315,5,43423.3662,193284.263
2020,8,3,8/21/20,15,Crop_Chemicals,93410.294,12347.696,5,18682.0588,2469.5392
2020,8,5,8/31/20,21,Wheat,32909.406,144466.268,6,5484.901,24077.71133
2020,8,5,8/31/20,21,Fertilizers,176052.769,797419.823,6,29342.12817,132903.3038
2020,8,5,8/31/20,21,Crop_Chemicals,141851.059,14259.917,6,23641.84317,2376.652833
2020,9,1,9/4/20,4,Wheat,16560.94,72770.225,4,4140.235,18192.55625
2020,9,1,9/4/20,4,Fertilizers,154016.815,657962.405,4,38504.20375,164490.6013
2020,9,1,9/4/20,4,Crop_Chemicals,92742.509,10935.391,4,23185.62725,2733.84775
2020,9,2,9/11/20,8,Wheat,18365.813,87826.53,4,4591.45325,21956.6325
2020,9,2,9/11/20,8,Fertilizers,133184.24,584745.551,4,33296.06,146186.3878
2020,9,2,9/11/20,8,Crop_Chemicals,90098.085,9413.693,4,22524.52125,2353.42325
2020,9,3,9/18/20,13,Wheat,31402.8,136791.885,5,6280.56,27358.377
2020,9,3,9/18/20,13,Fertilizers,201578.425,857042.716,5,40315.685,171408.5432
2020,9,3,9/18/20,13,Crop_Chemicals,90847.389,10518.826,5,18169.4778,2103.7652
2020,9,5,9/30/20,21,Wheat,37569.41,172671.744,8,4696.17625,21583.968
2020,9,5,9/30/20,21,Fertilizers,304838.612,1321974.587,8,38104.8265,165246.8234
2020,9,5,9/30/20,21,Crop_Chemicals,134258.73,14809.517,8,16782.34125,1851.189625
2020,10,2,10/9/20,7,Wheat,50584.61,226460.806,7,7226.372857,32351.54371
2020,10,2,10/9/20,7,Fertilizers,186291.714,796393.744,7,26613.102,113770.5349
2020,10,2,10/9/20,7,Crop_Chemicals,104044.658,10333.565,7,14863.52257,1476.223571
2020,10,3,10/16/20,11,Wheat,19066.713,25175.73554,4,4766.67825,6293.933885
2020,10,3,10/16/20,11,Fertilizers,161903.033,980318.3631,4,40475.75825,245079.5908
2020,10,3,10/16/20,11,Crop_Chemicals,75294.176,15785.43577,4,18823.544,3946.358942
2020,10,4,10/23/20,16,Wheat,18846.522,136835.5155,5,3769.3044,27367.10309
2020,10,4,10/23/20,16,Fertilizers,206929.52,611183.8009,5,41385.904,122236.7602
2020,10,4,10/23/20,16,Crop_Chemicals,103446.331,2763.763231,5,20689.2662,552.7526462
2020,10,5,10/30/20,20,Wheat,27518.463,120163.327,4,6879.61575,30040.83175
2020,10,5,10/30/20,20,Fertilizers,166233.451,720096.293,4,41558.36275,180024.0733
2020,10,5,10/30/20,20,Crop_Chemicals,99827.842,9849.571,4,24956.9605,2462.39275
2020,11,1,11/6/20,4,Wheat,24378.676,112402.953,4,6094.669,28100.73825
2020,11,1,11/6/20,4,Fertilizers,180300.149,756533.897,4,45075.03725,189133.4743
2020,11,1,11/6/20,4,Crop_Chemicals,76233.228,8916.39,4,19058.307,2229.0975
2020,11,2,11/13/20,9,Wheat,14369.62,67087.324,5,2873.924,13417.4648
2020,11,2,11/13/20,9,Fertilizers,239049.151,1029363.788,5,47809.8302,205872.7576
2020,11,2,11/13/20,9,Crop_Chemicals,88184.679,11004.646,5,17636.9358,2200.9292
2020,11,3,11/20/20,14,Wheat,7218.904,31117.75,5,1443.7808,6223.55
2020,11,3,11/20/20,14,Fertilizers,174671.126,756197.049,5,34934.2252,151239.4098
2020,11,3,11/20/20,14,Crop_Chemicals,69158.233,8090.11,5,13831.6466,1618.022
2020,11,5,11/30/20,20,Wheat,23665.1,98311.408,6,3944.183333,16385.23467
2020,11,5,11/30/20,20,Fertilizers,234567.002,1021624.399,6,39094.50033,170270.7332
2020,11,5,11/30/20,20,Crop_Chemicals,122361.929,16251.846,6,20393.65483,2708.641
2020,12,1,12/4/20,4,Wheat,11476.252,46874.13,4,2869.063,11718.5325
2020,12,1,12/4/20,4,Fertilizers,151232.518,696066.157,4,37808.1295,174016.5393
2020,12,1,12/4/20,4,Crop_Chemicals,69117.195,8477.241,4,17279.29875,2119.31025
2020,12,2,12/11/20,9,Wheat,10515.224,43281.437,5,2103.0448,8656.2874
2020,12,2,12/11/20,9,Fertilizers,132704.101,574269.942,5,26540.8202,114853.9884
2020,12,2,12/11/20,9,Crop_Chemicals,54529.197,6269.119,5,10905.8394,1253.8238
2020,12,3,12/18/20,14,Wheat,26065.691,107089.978,5,5213.1382,21417.9956
2020,12,3,12/18/20,14,Fertilizers,153598.904,679971.604,5,30719.7808,135994.3208
2020,12,3,12/18/20,14,Crop_Chemicals,63750.885,7111.637,5,12750.177,1422.3274
2020,12,4,12/25/20,18,Wheat,8636.665,39731.7,4,2159.16625,9932.925
2020,12,4,12/25/20,18,Fertilizers,100994.644,414033.989,4,25248.661,103508.4972
2020,12,4,12/25/20,18,Crop_Chemicals,40435.073,5105.387,4,10108.76825,1276.34675
2020,12,5,12/31/20,22,Wheat,10208.669,46538.205,4,2552.16725,11634.55125
2020,12,5,12/31/20,22,Fertilizers,135475.331,569483.884,4,33868.83275,142370.971
2020,12,5,12/31/20,22,Crop_Chemicals,41270.623,6449.436,4,10317.65575,1612.359
2021,1,1,1/8/21,5,Wheat,26954.483,112346.477,5,5390.8966,22469.2954
2021,1,1,1/8/21,5,Fertilizers,142221.594,593811.453,5,28444.3188,118762.2906
2021,1,1,1/8/21,5,Crop_Chemicals,43572.947,4861.92,5,8714.5894,972.384
2021,1,2,1/15/21,10,Wheat,35644.746,153423.285,5,7128.9492,30684.657
2021,1,2,1/15/21,10,Fertilizers,139082.15,571241.797,5,27816.43,114248.3594
2021,1,2,1/15/21,10,Crop_Chemicals,50806.84,6810.895,5,10161.368,1362.179
2021,1,3,1/22/21,15,Wheat,37966.396,156712.44,5,7593.2792,31342.488
2021,1,3,1/22/21,15,Fertilizers,180021.402,768247.552,5,36004.2804,153649.5104
2021,1,3,1/22/21,15,Crop_Chemicals,51462.483,6154.757,5,10292.4966,1230.9514
2021,1,4,1/29/21,20,Wheat,54345.151,221420.808,5,10869.0302,44284.1616
2021,1,4,1/29/21,20,Fertilizers,180126.502,787682.213,5,36025.3004,157536.4426
2021,1,4,1/29/21,20,Crop_Chemicals,45270.632,6297.979,5,9054.1264,1259.5958
2021,2,1,2/5/21,5,Wheat,26834.78,110380.278,5,5366.956,22076.0556
2021,2,1,2/5/21,5,Fertilizers,225478.749,921376.684,5,45095.7498,184275.3368
2021,2,1,2/5/21,5,Crop_Chemicals,35778.768,5398.067,5,7155.7536,1079.6134
2021,2,2,2/12/21,10,Wheat,27713.229,107884.993,5,5542.6458,21576.9986
2021,2,2,2/12/21,10,Fertilizers,168335.208,708057.006,5,33667.0416,141611.4012
2021,2,2,2/12/21,10,Crop_Chemicals,56311.857,6341.803,5,11262.3714,1268.3606
2021,2,3,2/19/21,13,Wheat,23993.958,102318.18,3,7997.986,34106.06
2021,2,3,2/19/21,13,Fertilizers,140947.452,634238.81,3,46982.484,211412.9367
2021,2,3,2/19/21,13,Crop_Chemicals,48240.059,6583.267,3,16080.01967,2194.422333
2021,2,4,2/26/21,18,Wheat,33358.921,129108.867,5,6671.7842,25821.7734
2021,2,4,2/26/21,18,Fertilizers,188693.295,730752.588,5,37738.659,146150.5176
2021,2,4,2/26/21,18,Crop_Chemicals,58954.764,7850.796,5,11790.9528,1570.1592
2021,3,1,3/5/21,5,Wheat,43438.357,166994.605,5,8687.6714,33398.921
2021,3,1,3/5/21,5,Fertilizers,202980.139,839015.333,5,40596.0278,167803.0666
2021,3,1,3/5/21,5,Crop_Chemicals,46662.894,6997.757,5,9332.5788,1399.5514
2021,3,2,3/12/21,10,Wheat,18227.449,73107.14,5,3645.4898,14621.428
2021,3,2,3/12/21,10,Fertilizers,192723.058,739203.998,5,38544.6116,147840.7996
2021,3,2,3/12/21,10,Crop_Chemicals,46390.427,7208.565,5,9278.0854,1441.713
2021,3,3,3/19/21,15,Wheat,63867.098,239494.817,5,12773.4196,47898.9634
2021,3,3,3/19/21,15,Fertilizers,134792.924,546665.588,5,26958.5848,109333.1176
2021,3,3,3/19/21,15,Crop_Chemicals,68937.32,8205.635,5,13787.464,1641.127
2021,3,5,3/31/21,23,Wheat,33636.63,131841.173,8,4204.57875,16480.14663
2021,3,5,3/31/21,23,Fertilizers,190055.944,789607.688,8,23756.993,98700.961
2021,3,5,3/31/21,23,Crop_Chemicals,80372.901,11868.905,8,10046.61262,1483.613125
2021,4,2,4/9/21,6,Wheat,33918.647,127114.265,6,5653.107833,21185.71083
2021,4,2,4/9/21,6,Fertilizers,188019.907,682597.995,6,31336.65117,113766.3325
2021,4,2,4/9/21,6,Crop_Chemicals,49857.196,6735.486,6,8309.532667,1122.581
2021,4,3,4/16/21,11,Wheat,43777.14,165936.755,5,8755.428,33187.351
2021,4,3,4/16/21,11,Fertilizers,108672.755,420603.483,5,21734.551,84120.6966
2021,4,3,4/16/21,11,Crop_Chemicals,52166.594,3981.879,5,10433.3188,796.3758
2021,4,4,4/23/21,15,Wheat,10026.931,36106.63,4,2506.73275,9026.6575
2021,4,4,4/23/21,15,Fertilizers,102661.407,329135.881,4,25665.35175,82283.97025
2021,4,4,4/23/21,15,Crop_Chemicals,24520.593,3329.395,4,6130.14825,832.34875
2021,4,5,4/30/21,20,Wheat,38185.888,138599.815,5,7637.1776,27719.963
2021,4,5,4/30/21,20,Fertilizers,128586.11,451479.4,5,25717.222,90295.88
2021,4,5,4/30/21,20,Crop_Chemicals,43269.443,5187.104,5,8653.8886,1037.4208
2021,5,1,5/7/21,5,Wheat,34638.063,125919.741,5,6927.6126,25183.9482
2021,5,1,5/7/21,5,Fertilizers,170675.667,556396.823,5,34135.1334,111279.3646
2021,5,1,5/7/21,5,Crop_Chemicals,71283.57,5953.465,5,14256.714,1190.693
2021,5,2,5/14/21,10,Wheat,42758.517,157342.452,5,8551.7034,31468.4904
2021,5,2,5/14/21,10,Fertilizers,152293.052,537173.815,5,30458.6104,107434.763
2021,5,2,5/14/21,10,Crop_Chemicals,53456.216,4989.288,5,10691.2432,997.8576
2021,5,3,5/21/21,15,Wheat,43611.057,162456.703,5,8722.2114,32491.3406
2021,5,3,5/21/21,15,Fertilizers,234191.54,703562.499,5,46838.308,140712.4998
2021,5,3,5/21/21,15,Crop_Chemicals,57939.919,5902.025,5,11587.9838,1180.405
2021,5,5,5/31/21,21,Wheat,38489.048,145311.986,6,6414.841333,24218.66433
2021,5,5,5/31/21,21,Fertilizers,262617.393,796544.308,6,43769.5655,132757.3847
2021,5,5,5/31/21,21,Crop_Chemicals,87544.542,8507.832,6,14590.757,1417.972
2021,6,1,6/4/21,3,Wheat,1832.84,6700.0,3,610.9466667,2233.333333
2021,6,1,6/4/21,3,Fertilizers,144662.906,454746.169,3,48220.96867,151582.0563
2021,6,1,6/4/21,3,Crop_Chemicals,35724.409,5502.856,3,11908.13633,1834.285333
2021,6,2,6/11/21,8,Wheat,51285.386,194258.597,5,10257.0772,38851.7194
2021,6,2,6/11/21,8,Fertilizers,333585.106,1038318.484,5,66717.0212,207663.6968
2021,6,2,6/11/21,8,Crop_Chemicals,84689.537,8357.799,5,16937.9074,1671.5598
2021,6,3,6/18/21,13,Wheat,33506.507,124150.62,5,6701.3014,24830.124
2021,6,3,6/18/21,13,Fertilizers,281747.892,873320.237,5,56349.5784,174664.0474
2021,6,3,6/18/21,13,Crop_Chemicals,77391.183,6169.131,5,15478.2366,1233.8262
2021,6,5,6/30/21,21,Wheat,58854.634,215762.801,8,7356.82925,26970.35013
2021,6,5,6/30/21,21,Fertilizers,383649.152,1163905.382,8,47956.144,145488.1728
2021,6,5,6/30/21,21,Crop_Chemicals,122547.862,12523.118,8,15318.48275,1565.38975
2021,7,2,7/9/21,7,Wheat,35521.522,134723.045,7,5074.503143,19246.14929
2021,7,2,7/9/21,7,Fertilizers,308967.324,1006843.961,7,44138.18914,143834.8516
2021,7,2,7/9/21,7,Crop_Chemicals,91995.334,11107.323,7,13142.19057,1586.760429
2021,7,3,7/16/21,12,Wheat,33801.312,122476.335,5,6760.2624,24495.267
2021,7,3,7/16/21,12,Fertilizers,334218.831,958610.923,5,66843.7662,191722.1846
2021,7,3,7/16/21,12,Crop_Chemicals,121944.304,9953.971,5,24388.8608,1990.7942
2021,7,4,7/23/21,17,Wheat,44890.895,162117.96,5,8978.179,32423.592
2021,7,4,7/23/21,17,Fertilizers,284120.544,877631.267,5,56824.1088,175526.2534
2021,7,4,7/23/21,17,Crop_Chemicals,79671.685,9098.316,5,15934.337,1819.6632
2021,7,5,7/30/21,22,Wheat,32308.532,115520.593,5,6461.7064,23104.1186
2021,7,5,7/30/21,22,Fertilizers,363120.611,1013458.335,5,72624.1222,202691.667
2021,7,5,7/30/21,22,Crop_Chemicals,93193.026,10202.93,5,18638.6052,2040.586
2021,8,1,8/6/21,5,Wheat,56171.965,202686.486,5,11234.393,40537.2972
2021,8,1,8/6/21,5,Fertilizers,302859.973,874461.911,5,60571.9946,174892.3822
2021,8,1,8/6/21,5,Crop_Chemicals,108432.735,9093.584,5,21686.547,1818.7168
2021,8,2,8/13/21,10,Wheat,25721.666,88707.958,5,5144.3332,17741.5916
2021,8,2,8/13/21,10,Fertilizers,370148.699,968354.194,5,74029.7398,193670.8388
2021,8,2,8/13/21,10,Crop_Chemicals,68521.206,9302.82,5,13704.2412,1860.564
2021,8,3,8/20/21,15,Wheat,30214.237,108623.048,5,6042.8474,21724.6096
2021,8,3,8/20/21,15,Fertilizers,386810.346,1089933.76,5,77362.0692,217986.752
2021,8,3,8/20/21,15,Crop_Chemicals,98558.879,12276.449,5,19711.7758,2455.2898
2021,8,5,8/31/21,22,Wheat,52065.411,194122.203,7,7437.915857,27731.74329
2021,8,5,8/31/21,22,Fertilizers,515303.036,1393451.338,7,73614.71943,199064.4769
2021,8,5,8/31/21,22,Crop_Chemicals,219172.25,20530.396,7,31310.32143,2932.913714
2021,9,1,9/3/21,3,Wheat,17899.124,65409.706,3,5966.374667,21803.23533
2021,9,1,9/3/21,3,Fertilizers,339290.165,849690.911,3,113096.7217,283230.3037
2021,9,1,9/3/21,3,Crop_Chemicals,68744.956,6670.548,3,22914.98533,2223.516
2021,9,2,9/10/21,7,Wheat,22834.131,83633.855,4,5708.53275,20908.46375
2021,9,2,9/10/21,7,Fertilizers,383346.735,917428.16,4,95836.68375,229357.04
2021,9,2,9/10/21,7,Crop_Chemicals,123376.884,11759.558,4,30844.221,2939.8895
2021,9,3,9/17/21,12,Wheat,34571.641,123231.793,5,6914.3282,24646.3586
2021,9,3,9/17/21,12,Fertilizers,319859.341,815109.319,5,63971.8682,163021.8638
2021,9,3,9/17/21,12,Crop_Chemicals,135812.909,12055.927,5,27162.5818,2411.1854
2021,9,5,9/30/21,21,Wheat,48037.786,175241.788,9,5337.531778,19471.30978
2021,9,5,9/30/21,21,Fertilizers,755937.473,1695162.264,9,83993.05256,188351.3627
2021,9,5,9/30/21,21,Crop_Chemicals,169749.255,19250.019,9,18861.02833,2138.891
2021,10,2,10/8/21,6,Wheat,34097.299,124927.092,6,5682.883167,20821.182
2021,10,2,10/8/21,6,Fertilizers,668742.303,1482625.883,6,111457.0505,247104.3138
2021,10,2,10/8/21,6,Crop_Chemicals,130601.908,10328.288,6,21766.98467,1721.381333
2021,10,3,10/15/21,10,Wheat,35813.947,130559.362,4,8953.48675,32639.8405
2021,10,3,10/15/21,10,Fertilizers,481277.031,1044132.184,4,120319.2578,261033.046
2021,10,3,10/15/21,10,Crop_Chemicals,158661.523,14081.736,4,39665.38075,3520.434
2021,10,4,10/22/21,15,Wheat,26881.251,94550.48,5,5376.2502,18910.096
2021,10,4,10/22/21,15,Fertilizers,471738.823,1094792.97,5,94347.7646,218958.594
2021,10,4,10/22/21,15,Crop_Chemicals,128679.863,15257.528,5,25735.9726,3051.5056
2021,10,5,10/29/21,20,Wheat,46729.187,167440.41,5,9345.8374,33488.082
2021,10,5,10/29/21,20,Fertilizers,462594.937,1073400.439,5,92518.9874,214680.0878
2021,10,5,10/29/21,20,Crop_Chemicals,89666.671,8293.49,5,17933.3342,1658.698
2021,11,1,11/5/21,3,Wheat,17438.656,63585.775,3,5812.885333,21195.25833
2021,11,1,11/5/21,3,Fertilizers,317953.56,700509.807,3,105984.52,233503.269
2021,11,1,11/5/21,3,Crop_Chemicals,85111.178,12303.816,3,28370.39267,4101.272
2021,11,2,11/12/21,8,Wheat,38915.871,136156.7,5,7783.1742,27231.34
2021,11,2,11/12/21,8,Fertilizers,593117.037,1334060.123,5,118623.4074,266812.0246
2021,11,2,11/12/21,8,Crop_Chemicals,102705.403,11323.922,5,20541.0806,2264.7844
2021,11,3,11/19/21,12,Wheat,35857.493,128648.93,4,8964.37325,32162.2325
2021,11,3,11/19/21,12,Fertilizers,437955.51,946295.957,4,109488.8775,236573.9892
2021,11,3,11/19/21,12,Crop_Chemicals,92187.77,9647.792,4,23046.9425,2411.948
2021,11,5,11/30/21,19,Wheat,15438.155,52645.456,7,2205.450714,7520.779429
2021,11,5,11/30/21,19,Fertilizers,742558.125,1551374.766,7,106079.7321,221624.9666
2021,11,5,11/30/21,19,Crop_Chemicals,188787.99,20826.951,7,26969.71286,2975.278714
2021,12,1,12/3/21,3,Wheat,10541.933,36896.0,3,3513.977667,12298.66667
2021,12,1,12/3/21,3,Fertilizers,212559.224,452377.174,3,70853.07467,150792.3913
2021,12,1,12/3/21,3,Crop_Chemicals,48921.014,4747.518,3,16307.00467,1582.506
2021,12,2,12/10/21,8,Wheat,40366.857,137373.03,5,8073.3714,27474.606
2021,12,2,12/10/21,8,Fertilizers,381887.497,736103.138,5,76377.4994,147220.6276
2021,12,2,12/10/21,8,Crop_Chemicals,92850.766,10251.615,5,18570.1532,2050.323
2021,12,3,12/17/21,13,Wheat,15179.656,51423.351,5,3035.9312,10284.6702
2021,12,3,12/17/21,13,Fertilizers,450459.995,827151.006,5,90091.999,165430.2012
2021,12,3,12/17/21,13,Crop_Chemicals,101756.838,11643.394,5,20351.3676,2328.6788
2021,12,4,12/25/21,18,Wheat,18699.715,65387.315,5,3739.943,13077.463
2021,12,4,12/25/21,18,Fertilizers,269816.939,482599.61,5,53963.3878,96519.922
2021,12,4,12/25/21,18,Crop_Chemicals,74153.596,6234.214,5,14830.7192,1246.8428
2021,12,5,12/31/21,23,Wheat,41620.965,152445.395,5,8324.193,30489.079
2021,12,5,12/31/21,23,Fertilizers,410289.109,733899.931,5,82057.8218,146779.9862
2021,12,5,12/31/21,23,Crop_Chemicals,71885.549,7378.366,5,14377.1098,1475.6732
2022,1,1,1/7/22,5,Wheat,33881.411,122671.91,5,6776.2822,24534.382
2022,1,1,1/7/22,5,Crop_Chemicals,63593.832,8382.53,5,12718.7664,1676.506
2022,1,2,1/14/22,10,Wheat,24978.268,92510.498,5,4995.6536,18502.0996
2022,1,2,1/14/22,10,Fertilizers,419062.929,898296.865,10,41906.2929,89829.6865
2022,1,2,1/14/22,10,Crop_Chemicals,76235.034,9004.261,5,15247.0068,1800.8522
2022,1,3,1/21/22,15,Wheat,29276.004,109457.78,5,5855.2008,21891.556
2022,1,3,1/21/22,15,Fertilizers,323044.921,649236.673,5,64608.9842,129847.3346
2022,1,3,1/21/22,15,Crop_Chemicals,78960.484,9092.94,5,15792.0968,1818.588
2022,1,5,1/31/22,21,Wheat,50218.669,176905.507,6,8369.778167,29484.25117
2022,1,5,1/31/22,21,Fertilizers,401570.944,758934.953,6,66928.49067,126489.1588
2022,1,5,1/31/22,21,Crop_Chemicals,78141.167,9086.488,6,13023.52783,1514.414667
2022,2,1,2/4/22,4,Wheat,9671.152,35000.0,4,2417.788,8750.0
2022,2,1,2/4/22,4,Fertilizers,374434.37,647839.609,4,93608.5925,161959.9023
2022,2,1,2/4/22,4,Crop_Chemicals,76496.152,9517.429,4,19124.038,2379.35725
2022,2,2,2/11/22,9,Wheat,50403.501,179047.735,5,10080.7002,35809.547
2022,2,2,2/11/22,9,Fertilizers,508506.532,955908.462,5,101701.3064,191181.6924
2022,2,2,2/11/22,9,Crop_Chemicals,39428.591,5548.903,5,7885.7182,1109.7806
2022,2,3,2/18/22,14,Wheat,22773.023,80273.761,5,4554.6046,16054.7522
2022,2,3,2/18/22,14,Fertilizers,318404.82,598102.605,5,63680.964,119620.521
2022,2,3,2/18/22,14,Crop_Chemicals,140911.148,16830.311,5,28182.2296,3366.0622
2022,2,4,2/25/22,19,Wheat,58731.425,204437.514,5,11746.285,40887.5028
2022,2,4,2/25/22,19,Fertilizers,422004.257,733797.214,5,84400.8514,146759.4428
2022,2,4,2/25/22,19,Crop_Chemicals,105116.761,12699.828,5,21023.3522,2539.9656
2022,3,2,3/11/22,8,Wheat,45183.75,152775.05,8,5647.96875,19096.88125
2022,3,2,3/11/22,8,Fertilizers,695397.253,1100188.001,8,86924.65663,137523.5001
2022,3,2,3/11/22,8,Crop_Chemicals,178300.591,20303.006,8,22287.57388,2537.87575
2022,3,3,3/18/22,13,Wheat,45843.807,151389.248,5,9168.7614,30277.8496
2022,3,3,3/18/22,13,Fertilizers,270998.662,493490.187,5,54199.7324,98698.0374
2022,3,3,3/18/22,13,Crop_Chemicals,68456.37,8275.797,5,13691.274,1655.1594
2022,3,5,3/31/22,22,Wheat,68511.215,223536.559,9,7612.357222,24837.39544
2022,3,5,3/31/22,22,Fertilizers,637053.714,1104422.76,9,70783.746,122713.64
2022,3,5,3/31/22,22,Crop_Chemicals,146132.069,14109.209,9,16236.89656,1567.689889
2022,4,2,4/8/22,6,Wheat,48588.277,163875.979,6,8098.046167,27312.66317
2022,4,2,4/8/22,6,Fertilizers,393689.038,640751.328,6,65614.83967,106791.888
2022,4,2,4/8/22,6,Crop_Chemicals,113492.103,11646.69,6,18915.3505,1941.115
2022,4,3,4/15/22,10,Wheat,22063.252,66163.57,4,5515.813,16540.8925
2022,4,3,4/15/22,10,Fertilizers,465520.612,754842.627,4,116380.153,188710.6568
2022,4,3,4/15/22,10,Crop_Chemicals,76173.059,7438.31,4,19043.26475,1859.5775
2022,4,4,4/22/22,14,Wheat,35833.946,120363.45,4,8958.4865,30090.8625
2022,4,4,4/22/22,14,Fertilizers,465051.491,691621.754,4,116262.8728,172905.4385
2022,4,4,4/22/22,14,Crop_Chemicals,70324.956,7431.421,4,17581.239,1857.85525
2022,4,5,4/29/22,19,Wheat,56646.352,164846.992,5,11329.2704,32969.3984
2022,4,5,4/29/22,19,Fertilizers,775926.887,1161315.121,5,155185.3774,232263.0242
2022,4,5,4/29/22,19,Crop_Chemicals,116267.822,11892.167,5,23253.5644,2378.4334
2022,5,2,5/13/22,10,Wheat,78192.2,241057.447,10,7819.22,24105.7447
2022,5,2,5/13/22,10,Fertilizers,1262220.761,1644297.083,10,126222.0761,164429.7083
2022,5,2,5/13/22,10,Crop_Chemicals,223244.901,21711.051,10,22324.4901,2171.1051
2022,5,3,5/20/22,15,Wheat,41426.948,124908.27,5,8285.3896,24981.654
2022,5,3,5/20/22,15,Fertilizers,683451.174,912133.526,5,136690.2348,182426.7052
2022,5,3,5/20/22,15,Crop_Chemicals,86814.217,7174.084,5,17362.8434,1434.8168
2022,5,5,5/31/22,22,Wheat,63725.4,169025.844,7,9103.628571,24146.54914
2022,5,5,5/31/22,22,Fertilizers,1157898.977,1507407.151,7,165414.1396,215343.8787
2022,5,5,5/31/22,22,Crop_Chemicals,176218.079,16280.908,7,25174.01129,2325.844
2022,6,2,6/10/22,8,Wheat,89430.556,230197.691,8,11178.8195,28774.71138
2022,6,2,6/10/22,8,Fertilizers,1183007.837,1547409.335,8,147875.9796,193426.1669
2022,6,2,6/10/22,8,Crop_Chemicals,202395.58,18623.904,8,25299.4475,2327.988
2022,6,3,6/17/22,12,Wheat,48421.135,123586.586,4,12105.28375,30896.6465
2022,6,3,6/17/22,12,Fertilizers,578228.841,732719.777,4,144557.2103,183179.9442
2022,6,3,6/17/22,12,Crop_Chemicals,75667.865,6873.224,4,18916.96625,1718.306
2022,6,5,6/30/22,21,Wheat,106013.387,273327.426,9,11779.26522,30369.714
2022,6,5,6/30/22,21,Fertilizers,1526342.903,1866906.251,9,169593.6559,207434.0279
2022,6,5,6/30/22,21,Crop_Chemicals,359807.678,33806.966,9,39978.63089,3756.329556
2022,7,2,7/8/22,6,Wheat,73426.403,167439.2,6,12237.73383,27906.53333
2022,7,2,7/8/22,6,Fertilizers,969728.043,1202870.837,6,161621.3405,200478.4728
2022,7,2,7/8/22,6,Crop_Chemicals,247319.987,23175.016,6,41219.99783,3862.502667
2022,7,3,7/15/22,11,Wheat,23372.46,62058.08,5,4674.492,12411.616
2022,7,3,7/15/22,11,Fertilizers,887827.868,1174817.365,5,177565.5736,234963.473
2022,7,3,7/15/22,11,Crop_Chemicals,205714.309,21177.259,5,41142.8618,4235.4518
2022,7,4,7/22/22,16,Wheat,51528.797,127255.805,5,10305.7594,25451.161
2022,7,4,7/22/22,16,Fertilizers,766845.248,974716.52,5,153369.0496,194943.304
2022,7,4,7/22/22,16,Crop_Chemicals,179169.522,17065.938,5,35833.9044,3413.1876
2022,7,5,7/29/22,21,Wheat,61689.926,142746.863,5,12337.9852,28549.3726
2022,7,5,7/29/22,21,Fertilizers,702709.063,973895.354,5,140541.8126,194779.0708
2022,7,5,7/29/22,21,Crop_Chemicals,164466.195,18339.854,5,32893.239,3667.9708
2022,8,1,8/5/22,5,Wheat,62663.48,137331.685,5,12532.696,27466.337
2022,8,1,8/5/22,5,Fertilizers,562517.105,695819.305,5,112503.421,139163.861
2022,8,1,8/5/22,5,Crop_Chemicals,211374.263,20189.41,5,42274.8526,4037.882
2022,8,2,8/12/22,10,Wheat,44823.148,101940.365,5,8964.6296,20388.073
2022,8,2,8/12/22,10,Fertilizers,568915.253,791089.409,5,113783.0506,158217.8818
2022,8,2,8/12/22,10,Crop_Chemicals,223603.01,22377.592,5,44720.602,4475.5184
2022,8,3,8/19/22,15,Wheat,37520.244,86801.102,5,7504.0488,17360.2204
2022,8,3,8/19/22,15,Fertilizers,565124.487,789262.204,5,113024.8974,157852.4408
2022,8,3,8/19/22,15,Crop_Chemicals,185710.859,17567.108,5,37142.1718,3513.4216
2022,8,5,8/31/22,23,Wheat,91627.096,210572.318,8,11453.387,26321.53975
2022,8,5,8/31/22,23,Fertilizers,800507.369,1211353.56,8,100063.4211,151419.195
2022,8,5,8/31/22,23,Crop_Chemicals,318154.752,33094.913,8,39769.344,4136.864125
2022,9,2,9/9/22,6,Wheat,64331.487,149282.241,6,10721.9145,24880.3735
2022,9,2,9/9/22,6,Fertilizers,607333.754,923676.367,6,101222.2923,153946.0612
2022,9,2,9/9/22,6,Crop_Chemicals,209781.431,22343.529,6,34963.57183,3723.9215
2022,9,3,9/16/22,11,Wheat,32701.014,74869.397,5,6540.2028,14973.8794
2022,9,3,9/16/22,11,Fertilizers,474791.447,828293.464,5,94958.2894,165658.6928
2022,9,3,9/16/22,11,Crop_Chemicals,276323.393,25412.727,5,55264.6786,5082.5454
2022,9,4,9/23/22,16,Wheat,13162.666,31462.675,5,2632.5332,6292.535
2022,9,4,9/23/22,16,Fertilizers,543263.886,854713.978,5,108652.7772,170942.7956
2022,9,4,9/23/22,16,Crop_Chemicals,229000.922,22778.204,5,45800.1844,4555.6408
2022,9,5,9/30/22,21,Wheat,52628.58,117785.282,5,10525.716,23557.0564
2022,9,5,9/30/22,21,Fertilizers,425687.774,703760.756,5,85137.5548,140752.1512
2022,9,5,9/30/22,21,Crop_Chemicals,156316.585,15139.423,5,31263.317,3027.8846
2022,10,1,10/7/22,5,Wheat,26410.857,61959.626,5,5282.1714,12391.9252
2022,10,1,10/7/22,5,Fertilizers,392219.219,683065.298,5,78443.8438,136613.0596
2022,10,1,10/7/22,5,Crop_Chemicals,259557.575,24672.614,5,51911.515,4934.5228
2022,10,2,10/14/22,9,Wheat,24090.913,57307.85,4,6022.72825,14326.9625
2022,10,2,10/14/22,9,Fertilizers,250109.012,419594.785,4,62527.253,104898.6962
2022,10,2,10/14/22,9,Crop_Chemicals,167501.964,16310.198,4,41875.491,4077.5495
2022,10,3,10/21/22,14,Wheat,50912.474,122845.959,5,10182.4948,24569.1918
2022,10,3,10/21/22,14,Fertilizers,389792.086,667629.82,5,77958.4172,133525.964
2022,10,3,10/21/22,14,Crop_Chemicals,146666.807,14210.142,5,29333.3614,2842.0284
2022,10,5,10/31/22,19,Wheat,22592.913,55490.487,5,4518.5826,11098.0974
2022,10,5,10/31/22,19,Fertilizers,592627.467,1057658.228,5,118525.4934,211531.6456
2022,10,5,10/31/22,19,Crop_Chemicals,255633.955,19781.609,5,51126.791,3956.3218
2022,11,2,11/11/22,8,Wheat,54887.486,133342.254,8,6860.93575,16667.78175
2022,11,2,11/11/22,8,Fertilizers,535629.195,1004462.85,8,66953.64938,125557.8563
2022,11,2,11/11/22,8,Crop_Chemicals,262708.988,22393.784,8,32838.6235,2799.223
2022,11,3,11/18/22,12,Wheat,20440.455,58373.951,4,5110.11375,14593.48775
2022,11,3,11/18/22,12,Fertilizers,272265.935,540799.867,4,68066.48375,135199.9667
2022,11,3,11/18/22,12,Crop_Chemicals,81819.698,7424.554,4,20454.9245,1856.1385
2022,11,5,11/30/22,20,Wheat,45491.422,124493.19,8,5686.42775,15561.64875
2022,11,5,11/30/22,20,Fertilizers,449163.568,841435.04,8,56145.446,105179.38
2022,11,5,11/30/22,20,Crop_Chemicals,141777.982,10775.325,8,17722.24775,1346.915625
2022,12,2,12/9/22,7,Wheat,26611.067,77028.178,7,3801.581,11004.02543
2022,12,2,12/9/22,7,Fertilizers,315914.62,629472.596,7,45130.66,89924.65657
2022,12,2,12/9/22,7,Crop_Chemicals,163019.699,11786.912,7,23288.52843,1683.844571
2022,12,3,12/16/22,12,Wheat,48278.429,141082.639,5,9655.6858,28216.5278
2022,12,3,12/16/22,12,Fertilizers,309805.31,670424.273,5,61961.062,134084.8546
2022,12,3,12/16/22,12,Crop_Chemicals,103369.674,7435.411,5,20673.9348,1487.0822
2022,12,4,12/23/22,17,Wheat,40263.963,118004.379,5,8052.7926,23600.8758
2022,12,4,12/23/22,17,Fertilizers,334049.67,711624.728,5,66809.934,142324.9456
2022,12,4,12/23/22,17,Crop_Chemicals,62485.927,4435.582,5,12497.1854,887.1164
2022,12,5,12/30/22,22,Wheat,55167.172,162456.401,5,11033.4344,32491.2802
2022,12,5,12/30/22,22,Fertilizers,245125.867,585220.808,5,49025.1734,117044.1616
2022,12,5,12/30/22,22,Crop_Chemicals,60165.765,5365.821,5,12033.153,1073.1642
2023,1,1,1/6/23,5,Wheat,46699.2,133191.01,5,9339.84,26638.202
2023,1,1,1/6/23,5,Fertilizers,141062.714,319230.391,5,28212.5428,63846.0782
2023,1,1,1/6/23,5,Crop_Chemicals,91618.818,5992.829,5,18323.7636,1198.5658
2023,1,2,1/13/23,10,Wheat,32220.312,91343.789,5,6444.0624,18268.7578
2023,1,2,1/13/23,10,Fertilizers,344276.184,714533.578,5,68855.2368,142906.7156
2023,1,2,1/13/23,10,Crop_Chemicals,85967.335,6224.306,5,17193.467,1244.8612
2023,1,3,1/20/23,15,Wheat,34935.751,98607.837,5,6987.1502,19721.5674
2023,1,3,1/20/23,15,Fertilizers,280105.791,609351.699,5,56021.1582,121870.3398
2023,1,3,1/20/23,15,Crop_Chemicals,56146.9,4791.538,5,11229.38,958.3076
2023,1,5,1/31/23,22,Wheat,42782.895,116562.21,7,6111.842143,16651.74429
2023,1,5,1/31/23,22,Fertilizers,340994.368,757269.076,7,48713.48114,108181.2966
2023,1,5,1/31/23,22,Crop_Chemicals,87605.85,7461.993,7,12515.12143,1065.999
2023,2,2,2/10/23,8,Wheat,31801.583,87812.59,8,3975.197875,10976.57375
2023,2,2,2/10/23,8,Fertilizers,442661.467,1034299.198,8,55332.68338,129287.3998
2023,2,2,2/10/23,8,Crop_Chemicals,82155.388,7006.328,8,10269.4235,875.791
2023,2,3,2/17/23,13,Wheat,53310.115,148872.058,5,10662.023,29774.4116
2023,2,3,2/17/23,13,Fertilizers,273748.326,588931.864,5,54749.6652,117786.3728
2023,2,3,2/17/23,13,Crop_Chemicals,51615.982,4709.613,5,10323.1964,941.9226
2023,2,5,2/28/23,18,Wheat,20091.267,54928.145,5,4018.2534,10985.629
2023,2,5,2/28/23,18,Fertilizers,218514.214,480823.629,5,43702.8428,96164.7258
2023,2,5,2/28/23,18,Crop_Chemicals,61194.485,5286.089,5,12238.897,1057.2178
2023,3,2,3/10/23,8,Wheat,63581.426,190210.305,8,7947.67825,23776.28813
2023,3,2,3/10/23,8,Fertilizers,354248.761,804293.437,8,44281.09513,100536.6796
2023,3,2,3/10/23,8,Crop_Chemicals,99894.622,6911.936,8,12486.82775,863.992
2023,3,3,3/17/23,13,Wheat,18087.933,54803.23,5,3617.5866,10960.646
2023,3,3,3/17/23,13,Fertilizers,343307.638,769758.794,5,68661.5276,153951.7588
2023,3,3,3/17/23,13,Crop_Chemicals,51630.005,5460.662,5,10326.001,1092.1324
2023,3,4,3/24/23,18,Wheat,32210.431,91053.035,5,6442.0862,18210.607
2023,3,4,3/24/23,18,Fertilizers,302693.605,694403.467,5,60538.721,138880.6934
2023,3,4,3/24/23,18,Crop_Chemicals,39143.741,3640.683,5,7828.7482,728.1366
2023,3,5,3/31/23,23,Wheat,31489.461,92326.27,5,6297.8922,18465.254
2023,3,5,3/31/23,23,Fertilizers,293825.238,610968.472,5,58765.0476,122193.6944
2023,3,5,3/31/23,23,Crop_Chemicals,58547.396,4294.494,5,11709.4792,858.8988
2023,4,1,4/7/23,4,Wheat,25398.748,74499.995,4,6349.687,18624.99875
2023,4,1,4/7/23,4,Fertilizers,283781.694,655618.155,4,70945.4235,163904.5388
2023,4,1,4/7/23,4,Crop_Chemicals,38631.415,3277.196,4,9657.85375,819.299
2023,4,2,4/14/23,9,Wheat,22990.135,68934.706,5,4598.027,13786.9412
2023,4,2,4/14/23,9,Fertilizers,323710.984,735833.57,5,64742.1968,147166.714
2023,4,2,4/14/23,9,Crop_Chemicals,72748.425,6255.639,5,14549.685,1251.1278
2023,4,3,4/21/23,13,Wheat,24251.025,69375.214,4,6062.75625,17343.8035
2023,4,3,4/21/23,13,Fertilizers,295450.073,692298.375,4,73862.51825,173074.5937
2023,4,3,4/21/23,13,Crop_Chemicals,51761.776,3996.887,4,12940.444,999.22175
2023,4,4,4/28/23,18,Wheat,34350.07,100006.214,5,6870.014,20001.2428
2023,4,4,4/28/23,18,Fertilizers,385134.484,869904.376,5,77026.8968,173980.8752
2023,4,4,4/28/23,18,Crop_Chemicals,64982.379,5396.285,5,12996.4758,1079.257
2023,5,1,5/5/23,4,Wheat,13664.559,37812.23,4,3416.13975,9453.0575
2023,5,1,5/5/23,4,Fertilizers,271215.426,644791.093,4,67803.8565,161197.7733
2023,5,1,5/5/23,4,Crop_Chemicals,51909.534,4118.144,4,12977.3835,1029.536
2023,5,2,5/12/23,9,Wheat,25426.529,75804.95,5,5085.3058,15160.99
2023,5,2,5/12/23,9,Fertilizers,234864.825,592571.938,5,46972.965,118514.3876
2023,5,2,5/12/23,9,Crop_Chemicals,76211.302,6809.301,5,15242.2604,1361.8602
2023,5,3,5/19/23,14,Wheat,20862.247,63803.643,5,4172.4494,12760.7286
2023,5,3,5/19/23,14,Fertilizers,315628.817,805394.041,5,63125.7634,161078.8082
2023,5,3,5/19/23,14,Crop_Chemicals,39212.212,4117.164,5,7842.4424,823.4328
2023,5,5,5/31/23,22,Wheat,34654.983,106120.116,8,4331.872875,13265.0145
2023,5,5,5/31/23,22,Fertilizers,482777.546,1215600.943,8,60347.19325,151950.1179
2023,5,5,5/31/23,22,Crop_Chemicals,127457.443,9814.636,8,15932.18038,1226.8295
2023,6,2,6/9/23,6,Wheat,16123.792,50921.52,6,2687.298667,8486.92
2023,6,2,6/9/23,6,Fertilizers,278299.227,723351.341,6,46383.2045,120558.5568
2023,6,2,6/9/23,6,Crop_Chemicals,123738.082,9103.924,6,20623.01367,1517.320667
2023,6,3,6/16/23,11,Wheat,30557.44,94850.0,5,6111.488,18970.0
2023,6,3,6/16/23,11,Fertilizers,316107.613,884379.211,5,63221.5226,176875.8422
2023,6,3,6/16/23,11,Crop_Chemicals,78395.283,8164.276,5,15679.0566,1632.8552
2023,6,4,6/23/23,16,Wheat,29040.64,90227.17,5,5808.128,18045.434
2023,6,4,6/23/23,16,Fertilizers,318915.275,908087.057,5,63783.055,181617.4114
2023,6,4,6/23/23,16,Crop_Chemicals,133002.84,12750.601,5,26600.568,2550.1202
2023,6,5,6/30/23,21,Wheat,24772.24,81643.853,5,4954.448,16328.7706
2023,6,5,6/30/23,21,Fertilizers,202305.032,622397.288,5,40461.0064,124479.4576
2023,6,5,6/30/23,21,Crop_Chemicals,100276.849,9460.608,5,20055.3698,1892.1216
2023,7,1,7/7/23,5,Wheat,19088.816,66027.957,5,3817.7632,13205.5914
2023,7,1,7/7/23,5,Fertilizers,301662.542,851468.53,5,60332.5084,170293.706
2023,7,1,7/7/23,5,Crop_Chemicals,109321.493,9233.114,5,21864.2986,1846.6228
2023,7,2,7/14/23,10,Wheat,20920.903,71128.076,5,4184.1806,14225.6152
2023,7,2,7/14/23,10,Fertilizers,233127.003,696886.967,5,46625.4006,139377.3934
2023,7,2,7/14/23,10,Crop_Chemicals,128734.323,13693.967,5,25746.8646,2738.7934
2023,7,3,7/21/23,15,Wheat,25787.221,92801.816,5,5157.4442,18560.3632
2023,7,3,7/21/23,15,Fertilizers,239178.634,772539.992,5,47835.7268,154507.9984
2023,7,3,7/21/23,15,Crop_Chemicals,83603.972,10137.641,5,16720.7944,2027.5282
2023,7,5,7/31/23,21,Wheat,55120.753,188589.201,6,9186.792167,31431.5335
2023,7,5,7/31/23,21,Fertilizers,396293.415,1277483.593,6,66048.9025,212913.9322
2023,7,5,7/31/23,21,Crop_Chemicals,139332.447,16979.418,6,23222.0745,2829.903
2023,8,1,8/4/23,4,Wheat,9369.47,36790.0,4,2342.3675,9197.5
2023,8,1,8/4/23,4,Fertilizers,263655.087,854090.179,4,65913.77175,213522.5448
2023,8,1,8/4/23,4,Crop_Chemicals,135410.76,14328.486,4,33852.69,3582.1215
2023,8,2,8/11/23,9,Wheat,28332.199,89973.005,5,5666.4398,17994.601
2023,8,2,8/11/23,9,Fertilizers,236731.914,705249.94,5,47346.3828,141049.988
2023,8,2,8/11/23,9,Crop_Chemicals,101562.632,14488.13,5,20312.5264,2897.626
2023,8,3,8/18/23,14,Wheat,17970.248,54528.0,5,3594.0496,10905.6
2023,8,3,8/18/23,14,Fertilizers,308003.055,976360.083,5,61600.611,195272.0166
2023,8,3,8/18/23,14,Crop_Chemicals,158873.962,17447.261,5,31774.7924,3489.4522
2023,8,5,8/31/23,23,Wheat,27111.966,98244.385,9,3012.440667,10916.04278
2023,8,5,8/31/23,23,Fertilizers,550525.093,1812143.956,9,61169.45478,201349.3284
2023,8,5,8/31/23,23,Crop_Chemicals,311748.874,34690.62,9,34638.76378,3854.513333
2023,9,2,9/8/23,5,Wheat,2755.986,8881.482,5,551.1972,1776.2964
2023,9,2,9/8/23,5,Fertilizers,363809.483,1141128.852,5,72761.8966,228225.7704
2023,9,2,9/8/23,5,Crop_Chemicals,162678.571,23111.979,5,32535.7142,4622.3958
2023,9,3,9/15/23,10,Wheat,26204.401,92472.66,5,5240.8802,18494.532
2023,9,3,9/15/23,10,Fertilizers,279893.578,874800.564,5,55978.7156,174960.1128
2023,9,3,9/15/23,10,Crop_Chemicals,194354.421,24487.429,5,38870.8842,4897.4858
2023,9,4,9/22/23,15,Wheat,63231.327,224232.648,5,12646.2654,44846.5296
2023,9,4,9/22/23,15,Fertilizers,238283.363,811710.747,5,47656.6726,162342.1494
2023,9,4,9/22/23,15,Crop_Chemicals,115332.444,20370.486,5,23066.4888,4074.0972
2023,9,5,9/29/23,20,Wheat,21988.109,83870.285,5,4397.6218,16774.057
2023,9,5,9/29/23,20,Fertilizers,344021.268,1149262.752,5,68804.2536,229852.5504
2023,9,5,9/29/23,20,Crop_Chemicals,118194.576,14528.203,5,23638.9152,2905.6406
2023,10,1,10/6/23,5,Wheat,27576.454,92809.58,5,5515.2908,18561.916
2023,10,1,10/6/23,5,Fertilizers,283236.398,940310.912,5,56647.2796,188062.1824
2023,10,1,10/6/23,5,Crop_Chemicals,155856.882,22703.554,5,31171.3764,4540.7108
2023,10,2,10/13/23,9,Wheat,17053.139,64961.979,4,4263.28475,16240.49475
2023,10,2,10/13/23,9,Fertilizers,278737.77,950278.967,4,69684.4425,237569.7417
2023,10,2,10/13/23,9,Crop_Chemicals,110542.132,15015.327,4,27635.533,3753.83175
2023,10,3,10/20/23,14,Wheat,22023.381,72055.188,5,4404.6762,14411.0376
2023,10,3,10/20/23,14,Fertilizers,349563.26,1099287.889,5,69912.652,219857.5778
2023,10,3,10/20/23,14,Crop_Chemicals,120631.213,18130.52,5,24126.2426,3626.104
2023,10,5,10/31/23,21,Wheat,14510.118,53238.163,7,2072.874,7605.451857
2023,10,5,10/31/23,21,Fertilizers,447126.44,1572507.371,7,63875.20571,224643.9101
2023,10,5,10/31/23,21,Crop_Chemicals,143603.971,28620.905,7,20514.853,4088.700714
2023,11,2,11/10/23,7,Wheat,29358.795,112088.065,7,4194.113571,16012.58071
2023,11,2,11/10/23,7,Fertilizers,420817.484,1270385.41,7,60116.78343,181483.63
2023,11,2,11/10/23,7,Crop_Chemicals,168227.005,31423.308,7,24032.42929,4489.044
2023,11,3,11/17/23,11,Wheat,20357.009,74898.1,4,5089.25225,18724.525
2023,11,3,11/17/23,11,Fertilizers,274248.853,839667.927,4,68562.21325,209916.9818
2023,11,3,11/17/23,11,Crop_Chemicals,109807.29,14432.718,4,27451.8225,3608.1795
2023,11,5,11/30/23,20,Wheat,34528.088,134438.869,9,3836.454222,14937.65211
2023,11,5,11/30/23,20,Fertilizers,572474.322,1747137.985,9,63608.258,194126.4428
2023,11,5,11/30/23,20,Crop_Chemicals,200041.739,38209.964,9,22226.85989,4245.551556
2023,12,2,12/8/23,6,Wheat,14442.626,57817.405,6,2407.104333,9636.234167
2023,12,2,12/8/23,6,Fertilizers,359017.05,1088453.384,6,59836.175,181408.8973
2023,12,2,12/8/23,6,Crop_Chemicals,105128.428,18427.759,6,17521.40467,3071.293167
2023,12,3,12/15/23,11,Wheat,14590.487,54534.7,5,2918.0974,10906.94
2023,12,3,12/15/23,11,Fertilizers,273851.81,929854.251,5,54770.362,185970.8502
2023,12,3,12/15/23,11,Crop_Chemicals,117338.874,17813.645,5,23467.7748,3562.729
2023,12,5,12/29/23,20,Wheat,71545.213,283404.289,9,7949.468111,31489.36544
2023,12,5,12/29/23,20,Fertilizers,583215.375,1893990.626,9,64801.70833,210443.4029
2023,12,5,12/29/23,20,Crop_Chemicals,145716.241,25208.914,9,16190.69344,2800.990444
2024,1,1,1/5/24,4,Wheat,28044.043,114478.26,4,7011.01075,28619.565
2024,1,1,1/5/24,4,Fertilizers,109086.274,379571.682,4,27271.5685,94892.9205
2024,1,1,1/5/24,4,Crop_Chemicals,83175.436,11027.552,4,20793.859,2756.888
2024,1,2,1/12/24,9,Wheat,19714.517,78750.054,5,3942.9034,15750.0108
2024,1,2,1/12/24,9,Fertilizers,170447.285,593656.193,5,34089.457,118731.2386
2024,1,2,1/12/24,9,Crop_Chemicals,79667.986,13128.856,5,15933.5972,2625.7712
2024,1,3,1/19/24,14,Wheat,32653.388,130681.365,5,6530.6776,26136.273
2024,1,3,1/19/24,14,Fertilizers,204858.072,704204.819,5,40971.6144,140840.9638
2024,1,3,1/19/24,14,Crop_Chemicals,68796.906,12488.207,5,13759.3812,2497.6414
2024,1,4,1/26/24,19,Wheat,49353.079,196727.88,5,9870.6158,39345.576
2024,1,4,1/26/24,19,Fertilizers,202447.362,694419.864,5,40489.4724,138883.9728
2024,1,4,1/26/24,19,Crop_Chemicals,60351.272,11058.106,5,12070.2544,2211.6212
2024,1,5,1/31/24,22,Wheat,23482.685,93391.504,3,7827.561667,31130.50133
2024,1,5,1/31/24,22,Fertilizers,116098.466,394726.386,3,38699.48867,131575.462
2024,1,5,1/31/24,22,Crop_Chemicals,36012.787,6694.599,3,12004.26233,2231.533
2024,2,2,2/9/24,7,Wheat,49792.685,206426.1,7,7113.240714,29489.44286
2024,2,2,2/9/24,7,Fertilizers,246391.348,717656.318,7,35198.764,102522.3311
2024,2,2,2/9/24,7,Crop_Chemicals,84201.244,16907.546,7,12028.74914,2415.363714
2024,2,3,2/16/24,10,Wheat,42816.605,177519.112,3,14272.20167,59173.03733
2024,2,3,2/16/24,10,Fertilizers,129883.052,396130.892,3,43294.35067,132043.6307
2024,2,3,2/16/24,10,Crop_Chemicals,51516.479,9074.777,3,17172.15967,3024.925667
2024,2,4,2/23/24,15,Wheat,13445.313,55069.872,5,2689.0626,11013.9744
2024,2,4,2/23/24,15,Fertilizers,130768.633,446497.256,5,26153.7266,89299.4512
2024,2,4,2/23/24,15,Crop_Chemicals,74282.426,10726.252,5,14856.4852,2145.2504
2024,2,5,2/29/24,19,Wheat,22012.062,92530.626,4,5503.0155,23132.6565
2024,2,5,2/29/24,19,Fertilizers,129672.258,362640.379,4,32418.0645,90660.09475
2024,2,5,2/29/24,19,Crop_Chemicals,55649.389,8811.816,4,13912.34725,2202.954
2024,3,2,3/8/24,6,Wheat,49207.303,201000.785,6,8201.217167,33500.13083
2024,3,2,3/8/24,6,Fertilizers,164881.418,588353.434,6,27480.23633,98058.90567
2024,3,2,3/8/24,6,Crop_Chemicals,71883.412,9317.237,6,11980.56867,1552.872833
2024,3,3,3/15/24,11,Wheat,22357.366,87936.583,5,4471.4732,17587.3166
2024,3,3,3/15/24,11,Fertilizers,183787.66,609997.927,5,36757.532,121999.5854
2024,3,3,3/15/24,11,Crop_Chemicals,74288.275,9038.351,5,14857.655,1807.6702
2024,3,4,3/22/24,16,Wheat,36239.518,147291.297,5,7247.9036,29458.2594
2024,3,4,3/22/24,16,Fertilizers,178266.811,605784.121,5,35653.3622,121156.8242
2024,3,4,3/22/24,16,Crop_Chemicals,62141.132,5765.996,5,12428.2264,1153.1992
2024,3,5,3/29/24,20,Wheat,17919.759,74267.48,4,4479.93975,18566.87
2024,3,5,3/29/24,20,Fertilizers,205737.654,686351.207,4,51434.4135,171587.8017
2024,3,5,3/29/24,20,Crop_Chemicals,30111.67,3293.022,4,7527.9175,823.2555
2024,4,1,4/5/24,5,Wheat,24487.095,103019.96,5,4897.419,20603.992
2024,4,1,4/5/24,5,Fertilizers,145859.067,544203.461,5,29171.8134,108840.6922
2024,4,1,4/5/24,5,Crop_Chemicals,48823.64,7758.539,5,9764.728,1551.7078
2024,4,2,4/12/24,10,Wheat,15740.932,64031.63,5,3148.1864,12806.326
2024,4,2,4/12/24,10,Fertilizers,212359.333,640991.814,5,42471.8666,128198.3628
2024,4,2,4/12/24,10,Crop_Chemicals,60048.083,8667.919,5,12009.6166,1733.5838
2024,4,3,4/19/24,15,Wheat,37854.349,162713.816,5,7570.8698,32542.7632
2024,4,3,4/19/24,15,Fertilizers,192556.296,658871.883,5,38511.2592,131774.3766
2024,4,3,4/19/24,15,Crop_Chemicals,56457.686,9537.624,5,11291.5372,1907.5248
2024,4,4,4/26/24,20,Wheat,21590.96,88223.96,5,4318.192,17644.792
2024,4,4,4/26/24,20,Fertilizers,248995.244,826260.256,5,49799.0488,165252.0512
2024,4,4,4/26/24,20,Crop_Chemicals,60048.47,9604.785,5,12009.694,1920.957
2024,4,5,4/30/24,22,Wheat,8400.002,36302.64,2,4200.001,18151.32
2024,4,5,4/30/24,22,Fertilizers,105573.291,349747.426,2,52786.6455,174873.713
2024,4,5,4/30/24,22,Crop_Chemicals,39525.923,4474.986,2,19762.9615,2237.493
2024,5,2,5/10/24,7,Wheat,65057.098,270077.156,7,9293.871143,38582.45086
2024,5,2,5/10/24,7,Fertilizers,302805.877,1025037.319,7,43257.98243,146433.9027
2024,5,2,5/10/24,7,Crop_Chemicals,71351.499,11883.952,7,10193.07129,1697.707429
2024,5,3,5/17/24,12,Wheat,30601.239,133020.649,5,6120.2478,26604.1298
2024,5,3,5/17/24,12,Fertilizers,228427.623,774024.692,5,45685.5246,154804.9384
2024,5,3,5/17/24,12,Crop_Chemicals,65950.005,8667.178,5,13190.001,1733.4356
2024,5,4,5/24/24,17,Wheat,47141.423,195475.125,5,9428.2846,39095.025
2024,5,4,5/24/24,17,Fertilizers,240361.894,875367.098,5,48072.3788,175073.4196
2024,5,4,5/24/24,17,Crop_Chemicals,51385.305,6730.799,5,10277.061,1346.1598
2024,5,5,5/31/24,21,Wheat,14279.029,58565.041,4,3569.75725,14641.26025
2024,5,5,5/31/24,21,Fertilizers,227465.064,766572.669,4,56866.266,191643.1673
2024,5,5,5/31/24,21,Crop_Chemicals,79671.321,8120.874,4,19917.83025,2030.2185
2024,6,1,6/7/24,5,Wheat,38415.571,156328.68,5,7683.1142,31265.736
2024,6,1,6/7/24,5,Fertilizers,378453.924,1213166.646,5,75690.7848,242633.3292
2024,6,1,6/7/24,5,Crop_Chemicals,78738.082,11285.334,5,15747.6164,2257.0668
2024,6,2,6/14/24,10,Wheat,18472.081,72497.964,5,3694.4162,14499.5928
2024,6,2,6/14/24,10,Fertilizers,213743.316,717107.661,5,42748.6632,143421.5322
2024,6,2,6/14/24,10,Crop_Chemicals,84375.436,9250.993,5,16875.0872,1850.1986
2024,6,3,6/21/24,15,Wheat,48766.658,196792.766,5,9753.3316,39358.5532
2024,6,3,6/21/24,15,Fertilizers,386840.062,1192046.661,5,77368.0124,238409.3322
2024,6,3,6/21/24,15,Crop_Chemicals,87630.222,13618.573,5,17526.0444,2723.7146
2024,6,4,6/28/24,20,Wheat,42503.413,178985.005,5,8500.6826,35797.001
2024,6,4,6/28/24,20,Fertilizers,321282.364,1037388.882,5,64256.4728,207477.7764
2024,6,4,6/28/24,20,Crop_Chemicals,83025.6,14994.283,5,16605.12,2998.8566
2024,7,1,7/5/24,5,Wheat,29657.735,125512.507,5,5931.547,25102.5014
2024,7,1,7/5/24,5,Fertilizers,287962.625,927283.174,5,57592.525,185456.6348
2024,7,1,7/5/24,5,Crop_Chemicals,100263.37,14648.756,5,20052.674,2929.7512
2024,7,2,7/12/24,10,Wheat,27675.31,104666.961,5,5535.062,20933.3922
2024,7,2,7/12/24,10,Fertilizers,265913.415,835926.495,5,53182.683,167185.299
2024,7,2,7/12/24,10,Crop_Chemicals,104665.543,14872.194,5,20933.1086,2974.4388
2024,7,3,7/19/24,15,Wheat,35109.449,135177.7,5,7021.8898,27035.54
2024,7,3,7/19/24,15,Fertilizers,337025.331,1125961.455,5,67405.0662,225192.291
2024,7,3,7/19/24,15,Crop_Chemicals,110733.817,21410.591,5,22146.7634,4282.1182
2024,7,4,7/26/24,20,Wheat,52540.666,196140.878,5,10508.1332,39228.1756
2024,7,4,7/26/24,20,Fertilizers,371194.443,1073889.968,5,74238.8886,214777.9936
2024,7,4,7/26/24,20,Crop_Chemicals,91142.421,15212.49,5,18228.4842,3042.498
2024,7,5,7/31/24,23,Wheat,22953.36,84725.91,3,7651.12,28241.97
2024,7,5,7/31/24,23,Fertilizers,175027.085,541534.42,3,58342.36167,180511.4733
2024,7,5,7/31/24,23,Crop_Chemicals,52485.905,11720.69,3,17495.30167,3906.896667
2024,8,2,8/9/24,7,Wheat,52138.858,186593.164,7,7448.408286,26656.16629
2024,8,2,8/9/24,7,Fertilizers,436340.286,1444280.968,7,62334.32657,206325.8526
2024,8,2,8/9/24,7,Crop_Chemicals,202055.106,35110.35,7,28865.01514,5015.764286
2024,8,3,8/16/24,12,Wheat,23266.117,93476.655,5,4653.2234,18695.331
2024,8,3,8/16/24,12,Fertilizers,306266.521,986155.204,5,61253.3042,197231.0408
2024,8,3,8/16/24,12,Crop_Chemicals,106214.582,16846.675,5,21242.9164,3369.335
2024,8,4,8/23/24,17,Wheat,50088.121,191297.513,5,10017.6242,38259.5026
2024,8,4,8/23/24,17,Fertilizers,397581.371,1253386.678,5,79516.2742,250677.3356
2024,8,4,8/23/24,17,Crop_Chemicals,99174.897,18506.692,5,19834.9794,3701.3384
2024,8,5,8/30/24,22,Wheat,18901.891,74091.832,5,3780.3782,14818.3664
2024,8,5,8/30/24,22,Fertilizers,430182.63,1252800.379,5,86036.526,250560.0758
2024,8,5,8/30/24,22,Crop_Chemicals,93472.795,17890.171,5,18694.559,3578.0342
2024,9,1,9/6/24,5,Wheat,31452.22,121984.56,5,6290.444,24396.912
2024,9,1,9/6/24,5,Fertilizers,405150.01,1235171.169,5,81030.002,247034.2338
2024,9,1,9/6/24,5,Crop_Chemicals,127323.844,25561.591,5,25464.7688,5112.3182
2024,9,2,9/13/24,10,Wheat,26582.233,104250.896,5,5316.4466,20850.1792
2024,9,2,9/13/24,10,Fertilizers,302127.211,979205.905,5,60425.4422,195841.181
2024,9,2,9/13/24,10,Crop_Chemicals,136450.974,24361.045,5,27290.1948,4872.209
2024,9,3,9/20/24,15,Wheat,42138.276,169421.375,5,8427.6552,33884.275
2024,9,3,9/20/24,15,Fertilizers,334729.791,1056894.336,5,66945.9582,211378.8672
2024,9,3,9/20/24,15,Crop_Chemicals,126745.656,22719.1,5,25349.1312,4543.82
2024,9,5,9/30/24,21,Wheat,48985.73,196473.827,6,8164.288333,32745.63783
2024,9,5,9/30/24,21,Fertilizers,462195.046,1390326.05,6,77032.50767,231721.0083
2024,9,5,9/30/24,21,Crop_Chemicals,170280.326,36994.486,6,28380.05433,6165.747667
2024,10,1,10/4/24,4,Wheat,22847.865,92280.723,4,5711.96625,23070.18075
2024,10,1,10/4/24,4,Fertilizers,355097.552,1254281.607,4,88774.388,313570.4018
2024,10,1,10/4/24,4,Crop_Chemicals,123106.343,24586.255,4,30776.58575,6146.56375
2024,10,2,10/11/24,9,Wheat,29889.325,124096.327,5,5977.865,24819.2654
2024,10,2,10/11/24,9,Fertilizers,313719.269,1003947.795,5,62743.8538,200789.559
2024,10,2,10/11/24,9,Crop_Chemicals,167858.933,33671.48,5,33571.7866,6734.296
2024,10,3,10/18/24,14,Wheat,24523.862,95309.266,5,4904.7724,19061.8532
2024,10,3,10/18/24,14,Fertilizers,310272.103,1033495.018,5,62054.4206,206699.0036
2024,10,3,10/18/24,14,Crop_Chemicals,147832.245,25339.138,5,29566.449,5067.8276
2024,10,4,10/25/24,19,Wheat,40524.403,165376.54,5,8104.8806,33075.308
2024,10,4,10/25/24,19,Fertilizers,278337.829,901376.115,5,55667.5658,180275.223
2024,10,4,10/25/24,19,Crop_Chemicals,108146.137,21265.732,5,21629.2274,4253.1464
2024,10,5,10/31/24,22,Wheat,18982.894,75344.0,3,6327.631333,25114.66667
2024,10,5,10/31/24,22,Fertilizers,249479.767,744647.145,3,83159.92233,248215.715
2024,10,5,10/31/24,22,Crop_Chemicals,99235.583,18439.187,3,33078.52767,6146.395667
2024,11,2,11/8/24,6,Wheat,18721.867,77423.137,6,3120.311167,12903.85617
2024,11,2,11/8/24,6,Fertilizers,354341.428,1251951.367,6,59056.90467,208658.5612
2024,11,2,11/8/24,6,Crop_Chemicals,133428.132,25791.751,6,22238.022,4298.625167
2024,11,3,11/15/24,10,Wheat,19775.5,82150.0,4,4943.875,20537.5
2024,11,3,11/15/24,10,Fertilizers,290991.718,919775.322,4,72747.9295,229943.8305
2024,11,3,11/15/24,10,Crop_Chemicals,71950.925,13231.056,4,17987.73125,3307.764
2024,11,4,11/22/24,14,Wheat,17597.618,73008.0,4,4399.4045,18252.0
2024,11,4,11/22/24,14,Fertilizers,244865.11,831169.604,4,61216.2775,207792.401
2024,11,4,11/22/24,14,Crop_Chemicals,139247.896,21530.927,4,34811.974,5382.73175
2024,11,5,11/30/24,19,Wheat,46062.422,194945.711,5,9212.4844,38989.1422
2024,11,5,11/30/24,19,Fertilizers,375027.558,1195111.433,5,75005.5116,239022.2866
2024,11,5,11/30/24,19,Crop_Chemicals,134553.211,17982.336,5,26910.6422,3596.4672
2024,12,1,12/6/24,5,Wheat,31333.812,135043.556,5,6266.7624,27008.7112
2024,12,1,12/6/24,5,Fertilizers,258939.982,947042.014,5,51787.9964,189408.4028
2024,12,1,12/6/24,5,Crop_Chemicals,111639.116,19988.744,5,22327.8232,3997.7488
2024,12,2,12/13/24,10,Wheat,39475.702,170231.244,5,7895.1404,34046.2488
2024,12,2,12/13/24,10,Fertilizers,184813.088,639184.675,5,36962.6176,127836.935
2024,12,2,12/13/24,10,Crop_Chemicals,123837.71,19917.107,5,24767.542,3983.4214
2024,12,3,12/20/24,15,Wheat,28728.825,127282.677,5,5745.765,25456.5354
2024,12,3,12/20/24,15,Fertilizers,330422.163,1173318.365,5,66084.4326,234663.673
2024,12,3,12/20/24,15,Crop_Chemicals,113468.827,19059.004,5,22693.7654,3811.8008
2024,12,5,12/31/24,21,Wheat,20517.679,88355.817,6,3419.613167,14725.9695
2024,12,5,12/31/24,21,Fertilizers,190044.687,687657.295,6,31674.1145,114609.5492
2024,12,5,12/31/24,21,Crop_Chemicals,99136.083,18475.553,6,16522.6805,3079.258833
2025,1,2,1/10/25,7,Wheat,67441.396,297044.645,7,9634.485143,42434.94929
2025,1,2,1/10/25,7,Fertilizers,323860.062,1035196.764,7,46265.72314,147885.252
2025,1,2,1/10/25,7,Crop_Chemicals,136891.447,26154.118,7,19555.921,3736.302571
2025,1,3,1/17/25,12,Wheat,28136.481,115740.0,5,5627.2962,23148.0
2025,1,3,1/17/25,12,Fertilizers,190921.883,548360.119,5,38184.3766,109672.0238
2025,1,3,1/17/25,12,Crop_Chemicals,93061.842,18051.539,5,18612.3684,3610.3078
2025,1,4,1/24/25,17,Wheat,44890.437,197342.464,5,8978.0874,39468.4928
2025,1,4,1/24/25,17,Fertilizers,210437.299,712841.076,5,42087.4598,142568.2152
2025,1,4,1/24/25,17,Crop_Chemicals,72149.862,15276.355,5,14429.9724,3055.271
2025,1,5,1/31/25,22,Wheat,24488.628,106774.824,5,4897.7256,21354.9648
2025,1,5,1/31/25,22,Fertilizers,202753.606,712443.62,5,40550.7212,142488.724
2025,1,5,1/31/25,22,Crop_Chemicals,72336.955,11801.795,5,14467.391,2360.359
2025,2,1,2/7/25,5,Wheat,35431.74,152448.487,5,7086.348,30489.6974
2025,2,1,2/7/25,5,Fertilizers,174904.228,608654.115,5,34980.8456,121730.823
2025,2,1,2/7/25,5,Crop_Chemicals,73419.812,14121.098,5,14683.9624,2824.2196
2025,2,2,2/14/25,10,Wheat,25323.395,113004.249,5,5064.679,22600.8498
2025,2,2,2/14/25,10,Fertilizers,226626.473,704247.238,5,45325.2946,140849.4476
2025,2,2,2/14/25,10,Crop_Chemicals,59802.662,11796.803,5,11960.5324,2359.3606
2025,2,3,2/21/25,15,Wheat,16668.793,71162.325,5,3333.7586,14232.465
2025,2,3,2/21/25,15,Fertilizers,188554.075,561731.827,5,37710.815,112346.3654
2025,2,3,2/21/25,15,Crop_Chemicals,91908.112,12884.993,5,18381.6224,2576.9986
2025,2,4,2/28/25,20,Wheat,57066.432,245581.955,5,11413.2864,49116.391
2025,2,4,2/28/25,20,Fertilizers,146315.114,454569.318,5,29263.0228,90913.8636
2025,2,4,2/28/25,20,Crop_Chemicals,81659.857,10646.097,5,16331.9714,2129.2194
2025,3,1,3/7/25,3,Wheat,12771.396,55884.296,3,4257.132,18628.09867
2025,3,1,3/7/25,3,Fertilizers,114165.843,348821.228,3,38055.281,116273.7427
2025,3,1,3/7/25,3,Crop_Chemicals,48454.319,8203.929,3,16151.43967,2734.643
2025,3,2,3/14/25,8,Wheat,38323.982,165788.13,5,7664.7964,33157.626
2025,3,2,3/14/25,8,Fertilizers,152366.713,484412.582,5,30473.3426,96882.5164
2025,3,2,3/14/25,8,Crop_Chemicals,64663.662,9411.642,5,12932.7324,1882.3284
2025,3,3,03/24/2025,13,Wheat,51656.507999999994,224700.62999999998,5,10331.301599999999,44940.126
2025,3,3,03/24/2025,13,Fertilizers,248768.66500000004,779570.254,5,49753.73300000001,155914.0508
2025,3,3,03/24/2025,13,Crop_Chemicals,65085.80900000001,9975.612000000001,5,13017.161800000002,1995.1224000000002
